{"cameraMode":{"drawMode":0,"name":"Shaded","section":"Shading Mode"},"sceneLighting":false,"audioPlay":false,"sceneViewState":{"showFog":true,"showMaterialUpdate":false,"showSkybox":false,"showFlares":true,"showImageEffects":true,"showParticleSystems":true,"showVisualEffectGraphs":true,"m_FxEnabled":true},"in2DMode":false,"pivot":{"x":-1.9006800651550294,"y":2.580000162124634,"z":4.910923957824707},"rotation":{"x":0.0020971663761883976,"y":0.04768277704715729,"z":-0.00009231320291291922,"w":0.9988818168640137},"size":12.3148832321167,"orthographic":false}