{"cameraMode":{"drawMode":0,"name":"Shaded","section":"Shading Mode"},"sceneLighting":false,"audioPlay":false,"sceneViewState":{"showFog":true,"showMaterialUpdate":false,"showSkybox":false,"showFlares":true,"showImageEffects":true,"showParticleSystems":true,"showVisualEffectGraphs":true,"m_FxEnabled":true},"in2DMode":false,"pivot":{"x":-3.1199951171875,"y":4.699005126953125,"z":3.019989013671875},"rotation":{"x":0.0020971663761883976,"y":0.04768277704715729,"z":-0.00009231320291291922,"w":0.9988818168640137},"size":14.272401809692383,"orthographic":false}