{"cameraMode":{"drawMode":0,"name":"Shaded","section":"Shading Mode"},"sceneLighting":false,"audioPlay":false,"sceneViewState":{"showFog":true,"showMaterialUpdate":false,"showSkybox":false,"showFlares":true,"showImageEffects":true,"showParticleSystems":true,"showVisualEffectGraphs":true,"m_FxEnabled":true},"in2DMode":false,"pivot":{"x":-2.931277275085449,"y":1.9971790313720704,"z":3.9797234535217287},"rotation":{"x":0.17596328258514405,"y":0.03542986884713173,"z":-0.006337430328130722,"w":0.9837393760681152},"size":5.448026657104492,"orthographic":false}