{"cameraMode":{"drawMode":0,"name":"Shaded","section":"Shading Mode"},"sceneLighting":false,"audioPlay":false,"sceneViewState":{"showFog":true,"showMaterialUpdate":false,"showSkybox":false,"showFlares":true,"showImageEffects":true,"showParticleSystems":true,"showVisualEffectGraphs":true,"m_FxEnabled":true},"in2DMode":false,"pivot":{"x":9.054052352905274,"y":3.1200008392333986,"z":81.08647155761719},"rotation":{"x":0.0020971663761883976,"y":0.04768277704715729,"z":-0.00009231320291291922,"w":0.9988818168640137},"size":7.313240051269531,"orthographic":false}