{"cameraMode":{"drawMode":0,"name":"Shaded","section":"Shading Mode"},"sceneLighting":true,"audioPlay":false,"sceneViewState":{"showFog":true,"showMaterialUpdate":false,"showSkybox":false,"showFlares":true,"showImageEffects":true,"showParticleSystems":true,"showVisualEffectGraphs":true,"m_FxEnabled":true},"in2DMode":false,"pivot":{"x":2.640000104904175,"y":0.6399999856948853,"z":0.28999999165534975},"rotation":{"x":0.28753015398979189,"y":-0.1191357895731926,"z":0.0360729806125164,"w":0.9496545791625977},"size":1.5484716892242432,"orthographic":false}