{"cameraMode":{"drawMode":0,"name":"Shaded","section":"Shading Mode"},"sceneLighting":false,"audioPlay":false,"sceneViewState":{"showFog":true,"showMaterialUpdate":false,"showSkybox":false,"showFlares":true,"showImageEffects":true,"showParticleSystems":true,"showVisualEffectGraphs":true,"m_FxEnabled":true},"in2DMode":false,"pivot":{"x":4.690000057220459,"y":3.4100003242492677,"z":-20.58981704711914},"rotation":{"x":0.0020971663761883976,"y":0.04768277704715729,"z":-0.00009231320291291922,"w":0.9988818168640137},"size":9.314388275146485,"orthographic":false}