{"cameraMode":{"drawMode":0,"name":"Shaded","section":"Shading Mode"},"sceneLighting":false,"audioPlay":false,"sceneViewState":{"showFog":false,"showMaterialUpdate":false,"showSkybox":false,"showFlares":true,"showImageEffects":true,"showParticleSystems":true,"showVisualEffectGraphs":true,"m_FxEnabled":false},"in2DMode":false,"pivot":{"x":1.3393287658691407,"y":-0.03536343574523926,"z":0.43936020135879519},"rotation":{"x":-0.28917670249938967,"y":0.13469098508358003,"z":-0.04116225615143776,"w":-0.9469069242477417},"size":16.44856834411621,"orthographic":false}