{"cameraMode":{"drawMode":0,"name":"Shaded","section":"Shading Mode"},"sceneLighting":false,"audioPlay":false,"sceneViewState":{"showFog":true,"showMaterialUpdate":false,"showSkybox":false,"showFlares":true,"showImageEffects":true,"showParticleSystems":true,"showVisualEffectGraphs":true,"m_FxEnabled":true},"in2DMode":false,"pivot":{"x":-6.547441005706787,"y":0.09000003337860108,"z":-16.056745529174806},"rotation":{"x":0.0020971663761883976,"y":0.04768277704715729,"z":-0.00009231320291291922,"w":0.9988818168640137},"size":3.7910871505737306,"orthographic":false}