{"cameraMode":{"drawMode":0,"name":"Shaded","section":"Shading Mode"},"sceneLighting":false,"audioPlay":false,"sceneViewState":{"showFog":true,"showMaterialUpdate":false,"showSkybox":false,"showFlares":true,"showImageEffects":true,"showParticleSystems":true,"showVisualEffectGraphs":true,"m_FxEnabled":true},"in2DMode":false,"pivot":{"x":0.7737371921539307,"y":-0.7078106999397278,"z":0.6765859127044678},"rotation":{"x":-0.03778090327978134,"y":-0.9262830018997192,"z":0.09649229049682617,"w":-0.36235514283180239},"size":2.2464892864227297,"orthographic":false}