{"cameraMode":{"drawMode":0,"name":"Shaded","section":"Shading Mode"},"sceneLighting":false,"audioPlay":false,"sceneViewState":{"showFog":true,"showMaterialUpdate":false,"showSkybox":false,"showFlares":true,"showImageEffects":true,"showParticleSystems":true,"showVisualEffectGraphs":true,"m_FxEnabled":true},"in2DMode":false,"pivot":{"x":0.12764514982700349,"y":-0.02668854594230652,"z":-0.08824534714221955},"rotation":{"x":0.1598566174507141,"y":0.6015642285346985,"z":-0.12445022910833359,"w":0.772711455821991},"size":0.20775820314884187,"orthographic":false}